Designator,Footprint,Quantity,Value,LCSC Part #
"C1, C10, C11, C12, C13, C14, C15, C16, C17, C18, C19, C2, C20, C21, C22, C23, C24, C25, C26, C27, C28, C29, C3, C30, C31, C32, C33, C34, C4, C5, C6, C7, C8, C9",0805,34,100nF,
"C35, C36, C37",0805,3,10µF,
"D1, D10, D11, D12, D13, D14, D15, D16, D17, D18, D19, D2, D20, D21, D22, D23, D24, D25, D26, D27, D28, D29, D3, D30, D31, D32, D4, D5, D6, D7, D8, D9",LED_WS2812B_PLCC4_5.0x5.0mm_P3.2mm,32,WS2812B,
"FID1, FID2, FID3",Fiducial_1mm_Mask2mm,3,Fiducial,
H1,MountingHole_5.3mm_M5_Pad_TopBottom,1,MountingHole_Pad,
J1,PinHeader_1x05_P2.54mm_Vertical,1,Conn_01x05_Pin,
J2,JST_PH_S2B-PH-K_1x02_P2.00mm_Horizontal,1,Conn_01x02_Pin,
Mod1,Lithium_Battery_Charger_Module,1,~,
"R1, R4, R5, R6, R7",0805,5,10k,
R2,0805,1,220k,
R3,0805,1,100k,
SW1,MSS22D18G2,1,SW_DPDT_x2,
U1,ESP-12E,1,ESP-12F,
U3,SOT-89-3_Handsoldering,1,~,
